id,first_name,last_name,email,gender,ip_address
1,Annamaria,Gullberg,agullberg0@ted.com,Female,167.39.78.239
2,Fenelia,Custy,fcusty1@simplemachines.org,Agender,233.80.176.161
3,Finn,Oldaker,foldaker2@wordpress.com,Male,254.16.91.98
4,Ky,Castle,kcastle3@boston.com,Male,8.2.245.95
5,Pegeen,Karpman,pkarpman4@miitbeian.gov.cn,Female,72.133.29.46
6,Billie,Harlin,bharlin5@creativecommons.org,Female,242.99.177.40
7,Agata,Balden,abalden6@nasa.gov,Female,194.144.208.54
8,Filbert,Toogood,ftoogood7@acquirethisname.com,Male,173.142.61.29
9,Basilio,O'Flannery,boflannery8@amazon.co.jp,Male,124.26.11.91
10,Peta,Christofe,pchristofe9@who.int,Bigender,228.194.31.226
